{          
    "Auther": "SUHAIL TECH INFO",
    "waMe":   "https://wa.me/923184474176",
    "result": [        
        {  "video": "1","url": "https://i.imgur.com/hglno1O.mp4"   },          
        {  "video": "2","url": "https://i.imgur.com/9GBPS2H.mp4"   },          
        {  "video": "3","url": "https://i.imgur.com/jxMpIEi.mp4"   },          
        {  "video": "4","url": "https://i.imgur.com/Ff8a2SM.mp4"   },          
        {  "video": "5","url": "https://i.imgur.com/8kpw0yW.mp4"   },          
        {  "video": "6","url": "https://i.imgur.com/Hy3USZl.mp4"   },          
        {  "video": "7","url": "https://i.imgur.com/scxmQxg.mp4"   },          
        {  "video": "8","url": "https://i.imgur.com/EF4ND3e.mp4"   },          
        {  "video": "9","url": "https://i.imgur.com/1GF7k8r.mp4"   },          
        {  "video": "10", "url": "https://i.imgur.com/RJlpej9.mp4"  },
        {  "video": "11", "url": "https://i.imgur.com/qrRsmPF.mp4"  },
        {  "video": "12", "url": "https://i.imgur.com/FIc6mtL.mp4"  },
        {  "video": "13", "url": "https://i.imgur.com/ana7HnU.mp4"  },
        {  "video": "14", "url": "https://i.imgur.com/0zuIyox.mp4"  },
        {  "video": "15", "url": "https://i.imgur.com/9vHQyaM.mp4"  },
        {  "video": "16", "url": "https://i.imgur.com/SqGgP7x.mp4"  },
        {  "video": "17", "url": "https://i.imgur.com/S5FxjS5.mp4"  },
        {  "video": "18", "url": "https://i.imgur.com/xbtzy4V.mp4"  },
        {  "video": "19", "url": "https://i.imgur.com/cltAuy8.mp4"  },
        {  "video": "20", "url": "https://i.imgur.com/OaY5p6L.mp4"  },
        {  "video": "21", "url": "https://i.imgur.com/0sMk727.mp4"  },
        {  "video": "22", "url": "https://i.imgur.com/CuCpdC3.mp4"  },
        {  "video": "23", "url": "https://i.imgur.com/5ZbEe7v.mp4"  },
        {  "video": "24", "url": "https://i.imgur.com/MTX4nbA.mp4"  },
        {  "video": "25", "url": "https://i.imgur.com/5ZbEe7v.mp4"  },
        {  "video": "26", "url": "https://i.imgur.com/fPh852R.mp4"  },
        {  "video": "27", "url": "https://i.imgur.com/iGuGEj8.mp4"  },
        {  "video": "28", "url": "https://i.imgur.com/YBxgCQA.mp4"  },
        {  "video": "29", "url": "https://i.imgur.com/3wlsYk1.mp4"  },
        {  "video": "30", "url": "https://i.imgur.com/WpPYAMR.mp4"  },
        {  "video": "31", "url": "https://i.imgur.com/tLCpj22.mp4"  },
        {  "video": "32", "url": "https://i.imgur.com/6pREcji.mp4"  },
        {  "video": "33", "url": "https://i.imgur.com/nJAyRrJ.mp4"  },
        {  "video": "34", "url": "https://i.imgur.com/MhP2znu.mp4"  },
        {  "video": "35", "url": "https://i.imgur.com/xzIZTxz.mp4"  },
        {  "video": "36", "url": "https://i.imgur.com/smf00Y8.mp4"  },
        {  "video": "37", "url": "https://i.imgur.com/RsE3bRT.mp4"  },
        {  "video": "38", "url": "https://i.imgur.com/4auTNa8.mp4"  },
        {  "video": "39", "url": "https://i.imgur.com/l8kuvAP.mp4"  },
        {  "video": "40", "url": "https://i.imgur.com/OlatH1y.mp4"  },
        {  "video": "41", "url": "https://i.imgur.com/mVL4vfW.mp4"  },
        {  "video": "42", "url": "https://i.imgur.com/VH6ucox.mp4"  },
        {  "video": "43", "url": "https://i.imgur.com/m0xy41f.mp4"  },
        {  "video": "44", "url": "https://i.imgur.com/P1BOAlP.mp4"  },
        {  "video": "45", "url": "https://i.imgur.com/aMreXhD.mp4"  },
        {  "video": "46", "url": "https://i.imgur.com/HNww6Ec.mp4"  },
        {  "video": "47", "url": "https://i.imgur.com/qfKN3oi.mp4"  },
        {  "video": "48", "url": "https://i.imgur.com/RectQqe.mp4"  },
        {  "video": "49", "url": "https://i.imgur.com/J184tMr.mp4"  },
        {  "video": "50", "url": "https://i.imgur.com/z0WUd39.mp4"  },
        {  "video": "51", "url": "https://i.imgur.com/ICrM1pQ.mp4"  },
        {  "video": "52", "url": "https://i.imgur.com/RS4w4Lr.mp4"  },
        {  "video": "53", "url": "https://i.imgur.com/VLP1Wos.mp4"  },
        {  "video": "54", "url": "https://i.imgur.com/qqnf5l3.mp4"  },
        {  "video": "55", "url": "https://i.imgur.com/Ie6UmaQ.mp4"  },
        {  "video": "56", "url": "https://i.imgur.com/m0rXr6j.mp4"  },
        {  "video": "57", "url": "https://i.imgur.com/xxSmNd7.mp4"  },
        {  "video": "58", "url": "https://i.imgur.com/DckXCpf.mp4"  },
        {  "video": "59", "url": "https://i.imgur.com/qlRbdyB.mp4"  },
        {  "video": "60", "url": "https://i.imgur.com/cpEdYB9.mp4"  },
        {  "video": "61", "url": "https://i.imgur.com/2Vz1Jaj.mp4"  },
        {  "video": "62", "url": "https://i.imgur.com/bAW1Eqs.mp4"  },
        {  "video": "63", "url": "https://i.imgur.com/AYJ3Sg4.mp4"  }    
    ]   
}