{ 
    
    "Auther": "SUHAIL TECH INFO",
    "waMe": "https://wa.me/923184474176",
    "result": [
        {  "video":"1", "url" : "https://i.imgur.com/dtmFXd8.mp4"  },
        {  "video":"2", "url" : "https://i.imgur.com/sIhrW6W.mp4"  }, 
        {  "video":"3", "url" : "https://i.imgur.com/X5l475S.mp4"  },
        {  "video":"4", "url" : "https://i.imgur.com/TiEGMsr.mp4"  }, 
        {  "video":"5", "url" : "https://i.imgur.com/Ke2dTVN.mp4"  }, 
        {  "video":"6", "url" : "https://i.imgur.com/7EFuoBX.mp4"  }, 
        {  "video":"7", "url" : "https://i.imgur.com/yU6Hamq.mp4"  }, 
        {  "video":"8", "url" : "https://i.imgur.com/vRhd6LQ.mp4"  }, 
        {  "video":"9", "url" : "https://i.imgur.com/QzklVv3.mp4"  }, 
        {  "video":"10", "url" : "https://i.imgur.com/z4RaZU2.mp4"  },
        {  "video":"11", "url" : "https://i.imgur.com/zzJQ1Ui.mp4"  },
        {  "video":"12", "url" : "https://i.imgur.com/c0FQI38.mp4"  },
        {  "video":"13", "url" : "https://i.imgur.com/ZLzyQOn.mp4"  },
        {  "video":"14", "url" : "https://i.imgur.com/gPO82AP.mp4"  },
        {  "video":"15", "url" : "https://i.imgur.com/zmUux4l.mp4"  },
        {  "video":"16", "url" : "https://i.imgur.com/x5GxnkV.mp4"  },
        {  "video":"17", "url" : "https://i.imgur.com/ASzJpPZ.mp4"  },
        {  "video":"18", "url" : "https://i.imgur.com/TwCIqqf.mp4"  },
        {  "video":"19", "url" : "https://i.imgur.com/5yhfQMf.mp4"  },
        {  "video":"20", "url" : "https://i.imgur.com/wXvwjzL.mp4"  },
        {  "video":"21", "url" : "https://i.imgur.com/7DvtLG5.mp4"  },
        {  "video":"22", "url" : "https://i.imgur.com/8O8i3yx.mp4"  },
        {  "video":"23", "url" : "https://i.imgur.com/rHA4ZzI.mp4"  },
        {  "video":"24", "url" : "https://i.imgur.com/3MhcTew.mp4"  },
        {  "video":"25", "url" : "https://i.imgur.com/sH5uwgJ.mp4"  },
        {  "video":"26", "url" : "https://i.imgur.com/mTfVrsn.mp4"  },
        {  "video":"27", "url" : "https://i.imgur.com/ksDUG6Z.mp4"  },
        {  "video":"28", "url" : "https://i.imgur.com/yv7HG4j.mp4"  },
        {  "video":"29", "url" : "https://i.imgur.com/coOiYZ9.mp4"  },
        {  "video":"30", "url" : "https://i.imgur.com/d6iVked.mp4"  },
        {  "video":"31", "url" : "https://i.imgur.com/BH9sZ4F.mp4"  },
        {  "video":"32", "url" : "https://i.imgur.com/IBE0kfo.mp4"  },
        {  "video":"33", "url" : "https://i.imgur.com/fGAQXtx.mp4"  },
        {  "video":"34", "url" : "https://i.imgur.com/Ok8Kiud.mp4"  },
        {  "video":"35", "url" : "https://i.imgur.com/B0q2ZgC.mp4"  },
        {  "video":"36", "url" : "https://i.imgur.com/lwCPPKQ.mp4"  },
        {  "video":"37", "url" : "https://i.imgur.com/Qjxtiih.mp4"  },
        {  "video":"38", "url" : "https://i.imgur.com/PswMc0S.mp4"  },
        {  "video":"39", "url" : "https://i.imgur.com/yyaXl08.mp4"  },
        {  "video":"40", "url" : "https://i.imgur.com/bq4zids.mp4"  },
        {  "video":"41", "url" : "https://i.imgur.com/KaETgdn.mp4"  }, 
        {  "video":"42", "url" : "https://i.imgur.com/oUI9LJr.mp4"  },
        {  "video":"43", "url" : "https://i.imgur.com/v2XV3WZ.mp4"  },
        {  "video":"44", "url" : "https://i.imgur.com/TffgSKf.mp4"  },
        {  "video":"45", "url" : "https://i.imgur.com/o7kCjGX.mp4"  },
        {  "video":"46", "url" : "https://i.imgur.com/Xlfrn9h.mp4"  },
        {  "video":"47", "url" : "https://i.imgur.com/7ScJi43.mp4"  },
        {  "video":"48", "url" : "https://i.imgur.com/CKueT4B.mp4"  },
        {  "video":"49", "url" : "https://i.imgur.com/mwJiQdJ.mp4"  },
        {  "video":"50", "url" : "https://i.imgur.com/wenZCk5.mp4"  },
        {  "video":"51", "url" : "https://i.imgur.com/Z3d1Ztj.mp4"  },
        {  "video":"52", "url" : "https://i.imgur.com/KQzlzeP.mp4"  },
        {  "video":"53", "url" : "https://i.imgur.com/dJsnQcq.mp4"  },
        {  "video":"54", "url" : "https://i.imgur.com/aKBpzbu.mp4"  },
        {  "video":"55", "url" : "https://i.imgur.com/4230pmK.mp4"  },
        {  "video":"56", "url" : "https://i.imgur.com/XMyH5gW.mp4"  },
        {  "video":"57", "url" : "https://i.imgur.com/ViZvnw4.mp4"  },
        {  "video":"58", "url" : "https://i.imgur.com/s0vNoa1.mp4"  },
        {  "video":"59", "url" : "https://i.imgur.com/RDXdqll.mp4"  },
        {  "video":"60", "url" : "https://i.imgur.com/8Uf34lT.mp4"  },
        {  "video":"61", "url" : "https://i.imgur.com/kLFmq4S.mp4"  },
        {  "video":"62", "url" : "https://i.imgur.com/8EgObNI.mp4"  },
        {  "video":"63", "url" : "https://i.imgur.com/OXeSJaJ.mp4"  },
        {  "video":"64", "url" : "https://i.imgur.com/19GCb4k.mp4"  },
        {  "video":"65", "url" : "https://i.imgur.com/esaWJVe.mp4"  },
        {  "video":"66", "url" : "https://i.imgur.com/wSkXizF.mp4"  },
        {  "video":"67", "url" : "https://i.imgur.com/tyMCaRX.mp4"  },
        {  "video":"68", "url" : "https://i.imgur.com/a0mH88a.mp4"  },
        {  "video":"69", "url" : "https://i.imgur.com/FB7CIdf.mp4"  },
        {  "video":"70", "url" : "https://i.imgur.com/2QCYLEf.mp4"  },
        {  "video":"71", "url" : "https://i.imgur.com/Y2GABz5.mp4"  },
        {  "video":"72", "url" : "https://i.imgur.com/Ul7ecC6.mp4"  },
        {  "video":"73", "url" : "https://i.imgur.com/xMJNSr6.mp4"  },
        {  "video":"74", "url" : "https://i.imgur.com/lS1GWIX.mp4"  },
        {  "video":"75", "url" : "https://i.imgur.com/yfSximi.mp4"  },
        {  "video":"76", "url" : "https://i.imgur.com/SbUMOM4.mp4"  },
        {  "video":"77", "url" : "https://i.imgur.com/6iCwEPS.mp4"  },
        {  "video":"78", "url" : "https://i.imgur.com/gA7Zcy1.mp4"  },
        {  "video":"79", "url" : "https://i.imgur.com/4RoU5Jv.mp4"  },
        {  "video":"80", "url" : "https://i.imgur.com/ZEK6Rm0.mp4"  },
        {  "video":"81", "url" : "https://i.imgur.com/JkLVDf5.mp4"  },
        {  "video":"82", "url" : "https://i.imgur.com/whUDt3C.mp4"  },
        {  "video":"83", "url" : "https://i.imgur.com/IMTbVow.mp4"  },
        {  "video":"84", "url" : "https://i.imgur.com/TZOi5Al.mp4"  },
        {  "video":"85", "url" : "https://i.imgur.com/kn8tFpn.mp4"  },
        {  "video":"86", "url" : "https://i.imgur.com/7x0NWtl.mp4"  },
        {  "video":"87", "url" : "https://i.imgur.com/dixgnla.mp4"  },
        {  "video":"88", "url" : "https://i.imgur.com/0uUHDp3.mp4"  },
        {  "video":"89", "url" : "https://i.imgur.com/22ch70B.mp4"  },
        {  "video":"90", "url" : "https://i.imgur.com/IsxaZ1y.mp4"  },
        {  "video":"91", "url" : "https://i.imgur.com/WHf38sX.mp4"  },
        {  "video":"92", "url" : "https://i.imgur.com/fmsoM62.mp4"  },
        {  "video":"93", "url" : "https://i.imgur.com/LNcKlut.mp4"  },
        {  "video":"94", "url" : "https://i.imgur.com/wKp5am9.mp4"  },
        {  "video":"95", "url" : "https://i.imgur.com/qzfm1vy.mp4"  },
        {  "video":"96", "url" : "https://i.imgur.com/TUc1prx.mp4"  },
        {  "video":"97", "url" : "https://i.imgur.com/fHNEXaM.mp4"  },
        {  "video":"98", "url" : "https://i.imgur.com/UzWK9yP.mp4"  },
        {  "video":"99", "url" : "https://i.imgur.com/ou4K5mI.mp4"  },
        {  "video":"100", "url" : "https://i.imgur.com/ReiuFSS.mp4"  },
        {  "video":"101", "url" : "https://i.imgur.com/DpHODBH.mp4"  },
        {  "video":"102", "url" : "https://i.imgur.com/4jinWU2.mp4"  },
        {  "video":"103", "url" : "https://i.imgur.com/Rowvh0q.mp4"  },
        {  "video":"104", "url" : "https://i.imgur.com/4rNiRHx.mp4"  },
        {  "video":"105", "url" : "https://i.imgur.com/eBK3Ijo.mp4"  },
        {  "video":"106", "url" : "https://i.imgur.com/sP560UU.mp4"  },
        {  "video":"107", "url" : "https://i.imgur.com/ILZbH1j.mp4"  },
        {  "video":"108", "url" : "https://i.imgur.com/BiO2wlh.mp4"  },
        {  "video":"109", "url" : "https://i.imgur.com/aDuKJyL.mp4"  },
        {  "video":"110", "url" : "https://i.imgur.com/c04XPvW.mp4"  },
        {  "video":"111", "url" : "https://i.imgur.com/Nglfe8K.mp4"  },
        {  "video":"112", "url" : "https://i.imgur.com/bywGFLK.mp4"  },
        {  "video":"113", "url" : "https://i.imgur.com/aQs4Wox.mp4"  },
        {  "video":"114", "url" : "https://i.imgur.com/MbBN6HS.mp4"  },
        {  "video":"115", "url" : "https://i.imgur.com/b640js5.mp4"  },
        {  "video":"116", "url" : "https://i.imgur.com/wqEqMRN.mp4"  },
        {  "video":"117", "url" : "https://i.imgur.com/DHWwPFJ.mp4"  },
        {  "video":"118", "url" : "https://i.imgur.com/c7ZnRoV.mp4"  },
        {  "video":"119", "url" : "https://i.imgur.com/iLEf2vH.mp4"  },
        {  "video":"120", "url" : "https://i.imgur.com/VcUt45Y.mp4"  },
        {  "video":"121", "url" : "https://i.imgur.com/fs39XIs.mp4"  },
        {  "video":"122", "url" : "https://i.imgur.com/XUhpWRR.mp4"  },
        {  "video":"123", "url" : "https://i.imgur.com/5ACESF0.mp4"  }, 
        {  "video":"124", "url" : "https://i.imgur.com/ICM88Nd.mp4"  }, 
        {  "video":"125", "url" : "https://i.imgur.com/CWT9H7K.mp4"  },
        {  "video":"126", "url" : "https://i.imgur.com/3y9JcTn.mp4"  }

] 
}